Keyword,Location,Suburb,Intent
curtain cleaning Sandton,Johannesburg,Sandton,service
curtain cleaning in Sandton,Johannesburg,Sandton,service
onsite curtain cleaning Sandton,Johannesburg,Sandton,onsite
professional curtain cleaning Sandton,Johannesburg,Sandton,quality
affordable curtain cleaning Sandton,Johannesburg,Sandton,price
same day curtain cleaning Sandton,Johannesburg,Sandton,urgency
curtain cleaning Bryanston,Johannesburg,Bryanston,service
curtain cleaning in Bryanston,Johannesburg,Bryanston,service
onsite curtain cleaning Bryanston,Johannesburg,Bryanston,onsite
professional curtain cleaning Bryanston,Johannesburg,Bryanston,quality
affordable curtain cleaning Bryanston,Johannesburg,Bryanston,price
same day curtain cleaning Bryanston,Johannesburg,Bryanston,urgency
curtain cleaning Fourways,Johannesburg,Fourways,service
curtain cleaning in Fourways,Johannesburg,Fourways,service
onsite curtain cleaning Fourways,Johannesburg,Fourways,onsite
professional curtain cleaning Fourways,Johannesburg,Fourways,quality
affordable curtain cleaning Fourways,Johannesburg,Fourways,price
same day curtain cleaning Fourways,Johannesburg,Fourways,urgency
curtain cleaning Hyde Park,Johannesburg,Hyde Park,service
curtain cleaning in Hyde Park,Johannesburg,Hyde Park,service
onsite curtain cleaning Hyde Park,Johannesburg,Hyde Park,onsite
professional curtain cleaning Hyde Park,Johannesburg,Hyde Park,quality
affordable curtain cleaning Hyde Park,Johannesburg,Hyde Park,price
same day curtain cleaning Hyde Park,Johannesburg,Hyde Park,urgency
curtain cleaning Bedfordview,Johannesburg,Bedfordview,service
curtain cleaning in Bedfordview,Johannesburg,Bedfordview,service
onsite curtain cleaning Bedfordview,Johannesburg,Bedfordview,onsite
professional curtain cleaning Bedfordview,Johannesburg,Bedfordview,quality
affordable curtain cleaning Bedfordview,Johannesburg,Bedfordview,price
same day curtain cleaning Bedfordview,Johannesburg,Bedfordview,urgency
curtain cleaning Rosebank,Johannesburg,Rosebank,service
curtain cleaning in Rosebank,Johannesburg,Rosebank,service
onsite curtain cleaning Rosebank,Johannesburg,Rosebank,onsite
professional curtain cleaning Rosebank,Johannesburg,Rosebank,quality
affordable curtain cleaning Rosebank,Johannesburg,Rosebank,price
same day curtain cleaning Rosebank,Johannesburg,Rosebank,urgency
curtain cleaning Morningside,Johannesburg,Morningside,service
curtain cleaning in Morningside,Johannesburg,Morningside,service
onsite curtain cleaning Morningside,Johannesburg,Morningside,onsite
professional curtain cleaning Morningside,Johannesburg,Morningside,quality
affordable curtain cleaning Morningside,Johannesburg,Morningside,price
same day curtain cleaning Morningside,Johannesburg,Morningside,urgency
curtain cleaning Rivonia,Johannesburg,Rivonia,service
curtain cleaning in Rivonia,Johannesburg,Rivonia,service
onsite curtain cleaning Rivonia,Johannesburg,Rivonia,onsite
professional curtain cleaning Rivonia,Johannesburg,Rivonia,quality
affordable curtain cleaning Rivonia,Johannesburg,Rivonia,price
same day curtain cleaning Rivonia,Johannesburg,Rivonia,urgency
curtain cleaning Illovo,Johannesburg,Illovo,service
curtain cleaning in Illovo,Johannesburg,Illovo,service
onsite curtain cleaning Illovo,Johannesburg,Illovo,onsite
professional curtain cleaning Illovo,Johannesburg,Illovo,quality
affordable curtain cleaning Illovo,Johannesburg,Illovo,price
same day curtain cleaning Illovo,Johannesburg,Illovo,urgency
curtain cleaning Parktown,Johannesburg,Parktown,service
curtain cleaning in Parktown,Johannesburg,Parktown,service
onsite curtain cleaning Parktown,Johannesburg,Parktown,onsite
professional curtain cleaning Parktown,Johannesburg,Parktown,quality
affordable curtain cleaning Parktown,Johannesburg,Parktown,price
same day curtain cleaning Parktown,Johannesburg,Parktown,urgency
curtain cleaning Melrose,Johannesburg,Melrose,service
curtain cleaning in Melrose,Johannesburg,Melrose,service
onsite curtain cleaning Melrose,Johannesburg,Melrose,onsite
professional curtain cleaning Melrose,Johannesburg,Melrose,quality
affordable curtain cleaning Melrose,Johannesburg,Melrose,price
same day curtain cleaning Melrose,Johannesburg,Melrose,urgency
curtain cleaning Northcliff,Johannesburg,Northcliff,service
curtain cleaning in Northcliff,Johannesburg,Northcliff,service
onsite curtain cleaning Northcliff,Johannesburg,Northcliff,onsite
professional curtain cleaning Northcliff,Johannesburg,Northcliff,quality
affordable curtain cleaning Northcliff,Johannesburg,Northcliff,price
same day curtain cleaning Northcliff,Johannesburg,Northcliff,urgency
curtain cleaning Linden,Johannesburg,Linden,service
curtain cleaning in Linden,Johannesburg,Linden,service
onsite curtain cleaning Linden,Johannesburg,Linden,onsite
professional curtain cleaning Linden,Johannesburg,Linden,quality
affordable curtain cleaning Linden,Johannesburg,Linden,price
same day curtain cleaning Linden,Johannesburg,Linden,urgency
curtain cleaning Randburg,Johannesburg,Randburg,service
curtain cleaning in Randburg,Johannesburg,Randburg,service
onsite curtain cleaning Randburg,Johannesburg,Randburg,onsite
professional curtain cleaning Randburg,Johannesburg,Randburg,quality
affordable curtain cleaning Randburg,Johannesburg,Randburg,price
same day curtain cleaning Randburg,Johannesburg,Randburg,urgency
curtain cleaning Sunninghill,Johannesburg,Sunninghill,service
curtain cleaning in Sunninghill,Johannesburg,Sunninghill,service
onsite curtain cleaning Sunninghill,Johannesburg,Sunninghill,onsite
professional curtain cleaning Sunninghill,Johannesburg,Sunninghill,quality
affordable curtain cleaning Sunninghill,Johannesburg,Sunninghill,price
same day curtain cleaning Sunninghill,Johannesburg,Sunninghill,urgency
curtain cleaning Parkhurst,Johannesburg,Parkhurst,service
curtain cleaning in Parkhurst,Johannesburg,Parkhurst,service
onsite curtain cleaning Parkhurst,Johannesburg,Parkhurst,onsite
professional curtain cleaning Parkhurst,Johannesburg,Parkhurst,quality
affordable curtain cleaning Parkhurst,Johannesburg,Parkhurst,price
same day curtain cleaning Parkhurst,Johannesburg,Parkhurst,urgency
curtain cleaning Houghton Estate,Johannesburg,Houghton Estate,service
curtain cleaning in Houghton Estate,Johannesburg,Houghton Estate,service
onsite curtain cleaning Houghton Estate,Johannesburg,Houghton Estate,onsite
professional curtain cleaning Houghton Estate,Johannesburg,Houghton Estate,quality
affordable curtain cleaning Houghton Estate,Johannesburg,Houghton Estate,price
same day curtain cleaning Houghton Estate,Johannesburg,Houghton Estate,urgency
curtain cleaning Dunkeld,Johannesburg,Dunkeld,service
curtain cleaning in Dunkeld,Johannesburg,Dunkeld,service
onsite curtain cleaning Dunkeld,Johannesburg,Dunkeld,onsite
professional curtain cleaning Dunkeld,Johannesburg,Dunkeld,quality
affordable curtain cleaning Dunkeld,Johannesburg,Dunkeld,price
same day curtain cleaning Dunkeld,Johannesburg,Dunkeld,urgency
curtain cleaning Killarney,Johannesburg,Killarney,service
curtain cleaning in Killarney,Johannesburg,Killarney,service
onsite curtain cleaning Killarney,Johannesburg,Killarney,onsite
professional curtain cleaning Killarney,Johannesburg,Killarney,quality
affordable curtain cleaning Killarney,Johannesburg,Killarney,price
same day curtain cleaning Killarney,Johannesburg,Killarney,urgency
curtain cleaning Douglasdale,Johannesburg,Douglasdale,service
curtain cleaning in Douglasdale,Johannesburg,Douglasdale,service
onsite curtain cleaning Douglasdale,Johannesburg,Douglasdale,onsite
professional curtain cleaning Douglasdale,Johannesburg,Douglasdale,quality
affordable curtain cleaning Douglasdale,Johannesburg,Douglasdale,price
same day curtain cleaning Douglasdale,Johannesburg,Douglasdale,urgency
